{
    "cycles_program_begin": 947410312581237,
    "stat": {
        "ru_self_cgstart": {
            "ru_utime_sec": 0.102947,
            "ru_stime_sec": 0.051983000000000001,
            "ru_minflt": 22686,
            "ru_maxrss_kb": 60476,
            "ru_majflt": 0,
            "ru_nivcsw": 61,
            "ru_nvcsw": 51
        },
        "ru_self_end": {
            "ru_utime_sec": 0.16603899999999999,
            "ru_stime_sec": 0.061384000000000001,
            "ru_minflt": 25473,
            "ru_maxrss_kb": 69392,
            "ru_majflt": 0,
            "ru_nivcsw": 158,
            "ru_nvcsw": 52
        },
        "ru_childs_cgstart": {
            "ru_utime_sec": 0.0070569999999999999,
            "ru_stime_sec": 0.016834999999999999,
            "ru_minflt": 4246,
            "ru_maxrss_kb": 12800,
            "ru_majflt": 0,
            "ru_nivcsw": 30,
            "ru_nvcsw": 8
        },
        "cpu_cycles_end": 947440759289310,
        "realTime": 9.2618679186562076,
        "cpu_cycles_cgstart": 947440497119037,
        "nMops": 8249,
        "peak_mem_kb": 195744,
        "nQuads": 3674,
        "totalObjSize": 141014,
        "mopSpeed": 130745.57788626134,
        "ru_childs_end": {
            "ru_utime_sec": 0.0070569999999999999,
            "ru_stime_sec": 0.020112000000000001,
            "ru_minflt": 4834,
            "ru_maxrss_kb": 14364,
            "ru_majflt": 0,
            "ru_nivcsw": 38,
            "ru_nvcsw": 9
        },
        "mop/quad": 2.2452367991290147,
        "cpu_cycles_total": 30446708073,
        "CodeGen(%)": 36.449138050561537,
        "quadSpeed": 58232.42249413555,
        "outputSizePerQuad": 38.381600435492651,
        "Frontend(%)": 63.550861949438456
    },
    "perf": [
        {
            "stat": [
                "main",
                "entry",
                0.014645918738096952,
                0.017913999999999999,
                0.019904000000000002,
                178228,
                178228,
                0.0,
                0.0,
                1612092258.6213069,
                947410312868487
            ],
            "sub": [
                {
                    "stat": [
                        "doParsingAndDesignResolution",
                        "entry",
                        9.0548409186303616,
                        0.025049999999999999,
                        0.027054000000000002,
                        178716,
                        179516,
                        0.0,
                        0.0,
                        1612092267.6615019,
                        947440077995643
                    ],
                    "sub": []
                },
                {
                    "stat": [
                        "doParsingAndDesignResolution",
                        "exit",
                        9.0750679186312482,
                        0.037614000000000002,
                        0.034563999999999998,
                        179896,
                        180868,
                        0.0,
                        0.0,
                        1612092267.6817291,
                        947440144631616
                    ],
                    "sub": []
                },
                {
                    "stat": [
                        "doPostDesignResolutionToVir2Vcs",
                        "entry",
                        9.0751689187018201,
                        0.037668,
                        0.034613999999999999,
                        179896,
                        180868,
                        0.0,
                        0.0,
                        1612092267.6818299,
                        947440144851504
                    ],
                    "sub": [
                        {
                            "stat": [
                                "doUptoVir2VcsNoSepCleanup",
                                "entry",
                                9.0842499186983332,
                                0.043705000000000001,
                                0.037607000000000002,
                                180856,
                                180868,
                                0.0,
                                0.0,
                                1612092267.6909111,
                                947440174825284
                            ],
                            "sub": []
                        },
                        {
                            "stat": [
                                "doUptoVir2VcsNoSepCleanup",
                                "exit",
                                9.1757849187124521,
                                0.097665000000000002,
                                0.050867000000000002,
                                182272,
                                195744,
                                0.0070569999999999999,
                                0.016834999999999999,
                                1612092267.7824459,
                                947440476142398
                            ],
                            "sub": []
                        },
                        {
                            "stat": [
                                "doRadify_vir2vcsAll",
                                "entry",
                                9.1758619187166914,
                                0.097716999999999998,
                                0.050894000000000002,
                                182272,
                                195744,
                                0.0070569999999999999,
                                0.016834999999999999,
                                1612092267.7825229,
                                947440476338798
                            ],
                            "sub": []
                        },
                        {
                            "stat": [
                                "doRadify_vir2vcsAll",
                                "exit",
                                9.1802859186427668,
                                0.10213,
                                0.050894000000000002,
                                182272,
                                195744,
                                0.0070569999999999999,
                                0.016834999999999999,
                                1612092267.786947,
                                947440490947010
                            ],
                            "sub": []
                        }
                    ]
                },
                {
                    "stat": [
                        "doPostDesignResolutionToVir2Vcs",
                        "exit",
                        9.1803339186590165,
                        0.10218000000000001,
                        0.050894000000000002,
                        182272,
                        195744,
                        0.0070569999999999999,
                        0.016834999999999999,
                        1612092267.7869949,
                        947440491053612
                    ],
                    "sub": []
                },
                {
                    "stat": [
                        "doGAToPass2",
                        "entry",
                        9.1803649186622351,
                        0.10221,
                        0.050894000000000002,
                        182272,
                        195744,
                        0.0070569999999999999,
                        0.016834999999999999,
                        1612092267.7870259,
                        947440491165329
                    ],