{
    "Modules": {
        "fsdbDumpDesign$$": {
            "start_perf": [
                5.3285950343124568,
                0.14158599999999999,
                0.047524999999999998,
                182332,
                195780,
                1612410603.9733379,
                1995570318860688
            ],
            "nQuads": 11,
            "child_modules": {},
            "Compiled": "Yes",
            "nRouts": 8,
            "Compiled Times": 2,
            "end_perf": [
                5.3302780343219638,
                0.14324000000000001,
                0.047524999999999998,
                182348,
                195780,
                1995570324389205,
                0,
                0
            ],
            "nMops": 8
        },
        "...MASTER...": {
            "start_perf": [
                5.3218760342570022,
                0.14013100000000001,
                0.046016000000000001,
                181232,
                195780,
                1612410603.966619,
                1995570296703255
            ],
            "nQuads": 0,
            "child_modules": {
                "testfixture": 1,
                "fsdbDumpDesign$$": 1
            },
            "end_perf": [
                5.3284800342516974,
                0.141509,
                0.047499,
                182332,
                195780,
                1995570318507885,
                0,
                0
            ],
            "nMops": 0,
            "nRouts": 5
        },
        "testfixture": {
            "start_perf": [
                5.3303300342522562,
                0.143293,
                0.047524999999999998,
                182348,
                195780,
                1612410603.9750731,
                1995570324566166
            ],
            "nQuads": 4438,
            "child_modules": {},
            "Compiled": "Yes",
            "nRouts": 179,
            "Compiled Times": 2,
            "end_perf": [
                5.3675750342663378,
                0.17846799999999999,
                0.049574,
                184820,
                195780,
                1995570447214638,
                17179869185,
                0
            ],
            "nMops": 11414
        }
    },
    "reusePaths": {
        "amcQw_d": {
            "icPath": "csrc"
        },
        "cfx32_d": {
            "icPath": "csrc"
        },
        "JRBuQ_d": {
            "icPath": "csrc"
        }
    },
    "CompUnits": {},
    "ObjArchives": [
        {
            "archive": "archive.1/_24868_archive_1.a",
            "size": 72272,
            "objects": [
                [
                    "amcQwB.o",
                    72272
                ]
            ]
        }
    ],
    "stat": {
        "ru_self_end": {
            "ru_utime_sec": 0.18227299999999999,
            "ru_majflt": 1,
            "ru_stime_sec": 0.051512000000000002,
            "ru_maxrss_kb": 68764,
            "ru_minflt": 24812,
            "ru_nivcsw": 110,
            "ru_nvcsw": 52
        },
        "ru_childs_end": {
            "ru_utime_sec": 0.0086719999999999992,
            "ru_majflt": 0,
            "ru_stime_sec": 0.019824999999999999,
            "ru_maxrss_kb": 14824,
            "ru_minflt": 4832,
            "ru_nivcsw": 85,
            "ru_nvcsw": 10
        },
        "peak_mem_kb": 195780,
        "cpu_cycles_end": 1995570466055370
    }
}