{
    "ObjArchives": [
        {
            "archive": "archive.22/_1468_archive_1.a",
            "objects": [
                [
                    "JRBuQ_d.o",
                    68902
                ],
                [
                    "amcQwB.o",
                    72112
                ]
            ],
            "size": 141014
        }
    ],
    "Modules": {
        "...MASTER...": {
            "nRouts": 5,
            "start_perf": [
                9.182235918706283,
                0.10297099999999999,
                0.051995,
                180792,
                195744,
                1612092267.788897,
                947440497321702
            ],
            "nQuads": 0,
            "child_modules": {
                "fsdbDumpDesign$$": 1,
                "testfixture": 1
            },
            "end_perf": [
                9.1889079186366871,
                0.10538400000000001,
                0.051995,
                181932,
                195744,
                947440519370359,
                0,
                0
            ],
            "nMops": 0
        },
        "testfixture": {
            "nRouts": 174,
            "start_perf": [
                9.1907229187199846,
                0.106407,
                0.052697000000000001,
                181948,
                195744,
                1612092267.797384,
                947440525254595
            ],
            "nQuads": 3663,
            "child_modules": {},
            "Compiled": "Yes",
            "Compiled Times": 23,
            "end_perf": [
                9.2512569186510518,
                0.16247500000000001,
                0.056513000000000001,
                188028,
                195744,
                947440724672244,
                17179869185,
                0
            ],
            "nMops": 8241
        },
        "fsdbDumpDesign$$": {
            "nRouts": 8,
            "start_perf": [
                9.189012918737717,
                0.10546700000000001,
                0.051995,
                181932,
                195744,
                1612092267.7956741,
                947440519634599
            ],
            "nQuads": 11,
            "child_modules": {},
            "Compiled": "Yes",
            "Compiled Times": 10,
            "end_perf": [
                9.1906739186961204,
                0.106374,
                0.052679999999999998,
                181948,
                195744,
                947440525129583,
                0,
                0
            ],
            "nMops": 8
        }
    },
    "CompUnits": {
        "JRBuQ_d": {
            "mod": "testfixture",
            "out": "JRBuQ_d.o",
            "mode": 4,
            "bytes": 68902,
            "archive": "archive.22/_1468_archive_1.a",
            "checksum": 0,
            "text": 36875
        }
    },
    "reusePaths": {
        "amcQw_d": {
            "icPath": "csrc"
        },
        "cfx32_d": {
            "icPath": "csrc"
        }
    },
    "stat": {
        "ru_self_end": {
            "ru_utime_sec": 0.16578899999999999,
            "ru_stime_sec": 0.061290999999999998,
            "ru_minflt": 25471,
            "ru_maxrss_kb": 69392,
            "ru_majflt": 0,
            "ru_nivcsw": 157,
            "ru_nvcsw": 52
        },
        "ru_childs_end": {
            "ru_utime_sec": 0.0070569999999999999,
            "ru_stime_sec": 0.020112000000000001,
            "ru_minflt": 4834,
            "ru_maxrss_kb": 14364,
            "ru_majflt": 0,
            "ru_nivcsw": 38,
            "ru_nvcsw": 9
        },
        "cpu_cycles_end": 947440758119205,
        "peak_mem_kb": 195744
    }
}